{"cameraMode":{"drawMode":0,"name":"Shaded","section":"Shading Mode"},"sceneLighting":false,"audioPlay":false,"sceneViewState":{"m_AlwaysRefresh":false,"showFog":true,"showSkybox":true,"showFlares":true,"showImageEffects":true,"showParticleSystems":true,"showVisualEffectGraphs":true,"m_FxEnabled":true},"in2DMode":false,"pivot":{"x":0.5079178810119629,"y":1.1488885879516602,"z":1.3100297451019288},"rotation":{"x":-0.17453384399414063,"y":0.7394136190414429,"z":-0.2096705138683319,"w":-0.6155032515525818},"size":2.0953123569488527,"orthographic":false}