{"cameraMode":{"drawMode":0,"name":"Shaded","section":"Shading Mode"},"sceneLighting":true,"audioPlay":false,"sceneViewState":{"m_AlwaysRefresh":false,"showFog":true,"showSkybox":true,"showFlares":true,"showImageEffects":true,"showParticleSystems":true,"showVisualEffectGraphs":true,"m_FxEnabled":true},"in2DMode":false,"pivot":{"x":2.2208478450775148,"y":1.7136913537979127,"z":2.810133695602417},"rotation":{"x":0.027136066928505899,"y":-0.9243609309196472,"z":0.06696130335330963,"w":0.3746849596500397},"size":0.013415285386145115,"orthographic":false}