{"cameraMode":{"drawMode":0,"name":"Shaded","section":"Shading Mode"},"sceneLighting":true,"audioPlay":false,"sceneViewState":{"m_AlwaysRefresh":false,"showFog":true,"showSkybox":true,"showFlares":true,"showImageEffects":true,"showParticleSystems":true,"showVisualEffectGraphs":true,"m_FxEnabled":true},"in2DMode":false,"pivot":{"x":1.1218959093093873,"y":1.3961399793624879,"z":0.9773082137107849},"rotation":{"x":-0.12972529232501985,"y":0.8664386868476868,"z":-0.29425719380378725,"w":-0.381950706243515},"size":0.12456802278757096,"orthographic":false}