{"cameraMode":{"drawMode":0,"name":"Shaded","section":"Shading Mode"},"sceneLighting":true,"audioPlay":false,"sceneViewState":{"m_AlwaysRefresh":false,"showFog":true,"showSkybox":true,"showFlares":true,"showImageEffects":true,"showParticleSystems":true,"showVisualEffectGraphs":true,"m_FxEnabled":true},"in2DMode":false,"pivot":{"x":-1.7041045427322388,"y":-0.216586172580719,"z":-0.09603536128997803},"rotation":{"x":0.07643850147724152,"y":-0.812271773815155,"z":0.10934633761644364,"w":0.5678425431251526},"size":3.2331976890563967,"orthographic":false}